,0
id,0
listing_url,0
scrape_id,0
last_scraped,0
source,0
name,0
description,0
neighborhood_overview,0
picture_url,0
host_id,0
host_url,0
host_name,0
host_since,0
host_location,0
host_about,0
host_response_time,0
host_is_superhost,0
host_thumbnail_url,0
host_picture_url,0
host_neighbourhood,0
host_verifications,0
host_has_profile_pic,0
host_identity_verified,0
neighbourhood,0
neighbourhood_cleansed,0
property_type,0
room_type,0
bathrooms_text,0
bedrooms,0
amenities,0
has_availability,0
calendar_last_scraped,0
first_review,0
last_review,0
license,0
instant_bookable,0
host_listings_count,0
latitude,0
longitude,0
accommodates,0
bedrooms,0
beds,0
price,0
minimum_nights,0
maximum_nights,0
minimum_minimum_nights,0
maximum_minimum_nights,0
minimum_maximum_nights,0
maximum_maximum_nights,0
minimum_nights_avg_ntm,0
maximum_nights_avg_ntm,0
availability_30,0
availability_60,0
availability_90,0
availability_365,0
number_of_reviews,0
number_of_reviews_ltm,0
number_of_reviews_l30d,0
review_scores_rating,0
review_scores_accuracy,0
review_scores_cleanliness,0
review_scores_checkin,0
review_scores_communication,0
review_scores_location,0
review_scores_value,0
calculated_host_listings_count,0
calculated_host_listings_count_entire_homes,0
calculated_host_listings_count_private_rooms,0
calculated_host_listings_count_shared_rooms,0
reviews_per_month,0
